{
    "FID (Original vs Generated)": 2.941588192063625,
    "FID (Original vs Eval)": -0.09999999999999347,
    "KL Divergence": 1.8058435188236388,
    "Cosine Similarity": -0.04813872650265694,
    "Spearman Rank Correlation": 0.004010450866809349,
    "Wasserstein Distance": 0.3489231098392008,
    "Coverage Score": 0.0,
    "Memorization Score": 0.0,
    "Unique Embedding Ratio": 1.0,
    "Aggregate Quality Score": 0.2635350481487613
}