{
    "FID (Original vs Generated)": 2038.2135927251222,
    "FID (Original vs Eval)": 1.9871205587722067,
    "KL Divergence": 1.7759115016592708,
    "Cosine Similarity": 0.004516358952969313,
    "Spearman Rank Correlation": -0.0002329033324557805,
    "Wasserstein Distance": 0.24217944803535982,
    "Coverage Score": 0.0,
    "Memorization Score": 0.0,
    "Unique Embedding Ratio": 1.0,
    "Aggregate Quality Score": 0.17312454190416882
}