{
    "FID (Original vs Generated)": 20589.548948479656,
    "FID (Original vs Eval)": 43.55558403556802,
    "KL Divergence": 0.5767309709516806,
    "Cosine Similarity": 0.0019365616608411074,
    "Spearman Rank Correlation": 0.00396918228918229,
    "Wasserstein Distance": 0.03733598021116155,
    "Coverage Score": 0.0,
    "Memorization Score": 0.0,
    "Unique Embedding Ratio": 1.0,
    "Aggregate Quality Score": 0.22764837788446574
}