{
    "FID (Original vs Generated)": 977.1602023924364,
    "FID (Original vs Eval)": 2.0811791645141176,
    "KL Divergence": 0.288502840218886,
    "Cosine Similarity": 0.0056120241060853004,
    "Spearman Rank Correlation": 0.001395930915930916,
    "Wasserstein Distance": 0.10133738176453151,
    "Coverage Score": 0.0,
    "Memorization Score": 0.0,
    "Unique Embedding Ratio": 1.0,
    "Aggregate Quality Score": 0.2568898339226504
}