{
    "FID (Original vs Generated)": 2.1375683956252765,
    "FID (Original vs Eval)": -0.000248866827249462,
    "KL Divergence": 0.1015138973613721,
    "Cosine Similarity": 0.00039600543095730245,
    "Spearman Rank Correlation": 0.0003887483152297979,
    "Wasserstein Distance": 0.0342695325990933,
    "Coverage Score": 0.0,
    "Memorization Score": 0.0,
    "Unique Embedding Ratio": 1.0,
    "Aggregate Quality Score": 0.40917363137374674
}